-- Seed data for Book Exchange
-- Idempotent: uses ON CONFLICT DO NOTHING
-- All users have password: senha123

-- GENEROS
INSERT INTO generos (id_genero, nome_genero) VALUES
  (1,  'Romance'),
  (2,  'Ficcão Científica'),
  (3,  'Fantasia'),
  (4,  'Terror'),
  (5,  'Mistério'),
  (6,  'Policial'),
  (7,  'Biografia'),
  (8,  'Autobiografia'),
  (9,  'História'),
  (10, 'Filosofia'),
  (11, 'Autoajuda'),
  (12, 'Ciência'),
  (13, 'Tecnologia'),
  (14, 'Literatura Brasileira'),
  (15, 'Poesia'),
  (16, 'Conto'),
  (17, 'Infantil'),
  (18, 'Religião'),
  (19, 'Culinária'),
  (20, 'Quadrinhos')
ON CONFLICT (id_genero) DO NOTHING;

SELECT setval('generos_id_genero_seq', (SELECT MAX(id_genero) FROM generos));

-- LIVROS
INSERT INTO livros (id_livro, titulo, autor, id_genero) VALUES
  (1,  'Dom Casmurro', 'Machado de Assis', 1),
  (2,  'Orgulho e Preconceito', 'Jane Austen', 1),
  (3,  'A Culpa é das Estrelas', 'John Green', 1),
  (4,  'O Diário de Bridget Jones', 'Helen Fielding', 1),
  (5,  'Antes de Partir', 'Jojo Moyes', 1),
  (6,  'Duna', 'Frank Herbert', 2),
  (7,  '1984', 'George Orwell', 2),
  (8,  'Admirável Mundo Novo', 'Aldous Huxley', 2),
  (9,  'O Guia do Mochileiro das Galáxias', 'Douglas Adams', 2),
  (10, 'Fundação', 'Isaac Asimov', 2),
  (11, 'O Fim da Eternidade', 'Isaac Asimov', 2),
  (12, 'Fahrenheit 451', 'Ray Bradbury', 2),
  (13, 'O Senhor dos Anéis: A Sociedade do Anel', 'J.R.R. Tolkien', 3),
  (14, 'Harry Potter e a Pedra Filosofal', 'J.K. Rowling', 3),
  (15, 'Harry Potter e a Câmara Secreta', 'J.K. Rowling', 3),
  (16, 'As Crônicas de Nárnia', 'C.S. Lewis', 3),
  (17, 'O Nome do Vento', 'Patrick Rothfuss', 3),
  (18, 'A Guerra dos Tronos', 'George R.R. Martin', 3),
  (19, 'It: A Coisa', 'Stephen King', 4),
  (20, 'O Iluminado', 'Stephen King', 4),
  (21, 'Drácula', 'Bram Stoker', 4),
  (22, 'Frankenstein', 'Mary Shelley', 4),
  (23, 'A Assombração da Casa da Colina', 'Shirley Jackson', 4),
  (24, 'O Assassinato de Roger Ackroyd', 'Agatha Christie', 5),
  (25, 'O Cão dos Baskervilles', 'Arthur Conan Doyle', 5),
  (26, 'O Nome da Rosa', 'Umberto Eco', 5),
  (27, 'Os Homens que Não Amavam as Mulheres', 'Stieg Larsson', 5),
  (28, 'Garota Exemplar', 'Gillian Flynn', 5),
  (29, 'Um Estudo em Vermelho', 'Arthur Conan Doyle', 6),
  (30, 'O Grande Sono', 'Raymond Chandler', 6),
  (31, '10 Pequenos Negrinhos', 'Agatha Christie', 6),
  (32, 'Steve Jobs', 'Walter Isaacson', 7),
  (33, 'Leonardo da Vinci', 'Walter Isaacson', 7),
  (34, 'Eu Sei Por que o Pássaro Canta na Gaiola', 'Maya Angelou', 7),
  (35, 'O Diário de Anne Frank', 'Anne Frank', 8),
  (36, 'A Longa Caminhada até a Liberdade', 'Nelson Mandela', 8),
  (37, 'Sapiens: Uma Breve História da Humanidade', 'Yuval Noah Harari', 9),
  (38, 'Homo Deus', 'Yuval Noah Harari', 9),
  (39, 'A Arte da Guerra', 'Sun Tzu', 9),
  (40, 'O Povo Brasileiro', 'Darcy Ribeiro', 9),
  (41, 'O Mundo de Sofia', 'Jostein Gaarder', 10),
  (42, 'Assim Falou Zaratustra', 'Friedrich Nietzsche', 10),
  (43, 'Meditações', 'Marco Aurélio', 10),
  (44, 'A República', 'Platão', 10),
  (45, 'Os 7 Hábitos das Pessoas Altamente Eficazes', 'Stephen Covey', 11),
  (46, 'Como Fazer Amigos e Influenciar Pessoas', 'Dale Carnegie', 11),
  (47, 'O Poder do Agora', 'Eckhart Tolle', 11),
  (48, 'A Sutil Arte de Ligar o F*da-se', 'Mark Manson', 11),
  (49, 'Mindset: A Nova Psicologia do Sucesso', 'Carol Dweck', 11),
  (50, 'Uma Breve História do Tempo', 'Stephen Hawking', 12),
  (51, 'O Gene Egoísta', 'Richard Dawkins', 12),
  (52, 'Cosmos', 'Carl Sagan', 12),
  (53, 'A Origem das Espécies', 'Charles Darwin', 12),
  (54, 'A Física do Futuro', 'Michio Kaku', 12),
  (55, 'Clean Code', 'Robert C. Martin', 13),
  (56, 'O Programador Pragmático', 'Andrew Hunt e David Thomas', 13),
  (57, 'Arquitetura Limpa', 'Robert C. Martin', 13),
  (58, 'Zero to One', 'Peter Thiel', 13),
  (59, 'Grande Sertão: Veredas', 'João Guimarães Rosa', 14),
  (60, 'Vidas Secas', 'Graciliano Ramos', 14),
  (61, 'O Cortiço', 'Aluísio Azevedo', 14),
  (62, 'Iracema', 'José de Alencar', 14),
  (63, 'Macunaíma', 'Mário de Andrade', 14),
  (64, 'A Hora da Estrela', 'Clarice Lispector', 14),
  (65, 'Poesia Reunida', 'Fernando Pessoa', 15),
  (66, 'A Rosa do Povo', 'Carlos Drummond de Andrade', 15),
  (67, 'Morte e Vida Severina', 'João Cabral de Melo Neto', 15),
  (68, 'Ficções', 'Jorge Luis Borges', 16),
  (69, 'Primeiras Estórias', 'João Guimarães Rosa', 16),
  (70, 'A Terceira Margem do Rio', 'João Guimarães Rosa', 16),
  (71, 'O Pequeno Príncipe', 'Antoine de Saint-Exupéry', 17),
  (72, 'Alice no País das Maravilhas', 'Lewis Carroll', 17),
  (73, 'Pinóquio', 'Carlo Collodi', 17),
  (74, 'Reinações de Narizinho', 'Monteiro Lobato', 17),
  (75, 'A Bíblia de Estudo NVI', 'Vários Autores', 18),
  (76, 'O Poder do Subconsciente', 'Joseph Murphy', 18),
  (77, 'Salt, Fat, Acid, Heat', 'Samin Nosrat', 19),
  (78, 'A Arte da Cozinha Francesa', 'Julia Child', 19),
  (79, 'Watchmen', 'Alan Moore', 20),
  (80, 'Maus', 'Art Spiegelman', 20),
  (81, 'Persépolis', 'Marjane Satrapi', 20)
ON CONFLICT (id_livro) DO NOTHING;

SELECT setval('livros_id_livro_seq', (SELECT MAX(id_livro) FROM livros));

-- USUARIOS (senha: senha123)
INSERT INTO usuarios (id_usuario, nome, email, cidade, senha_hash) VALUES
  (1,  'Ana Souza',          'ana.souza@email.com',         'Sao Paulo',      '$2b$10$2jQfRIKnVFcVqqh2eMx3tOU8pUBQsdDAsaanpgMgCs.yruAqpgHIG'),
  (2,  'Bruno Lima',         'bruno.lima@email.com',        'Rio de Janeiro', '$2b$10$2jQfRIKnVFcVqqh2eMx3tOU8pUBQsdDAsaanpgMgCs.yruAqpgHIG'),
  (3,  'Carla Mendes',       'carla.mendes@email.com',      'Belo Horizonte', '$2b$10$2jQfRIKnVFcVqqh2eMx3tOU8pUBQsdDAsaanpgMgCs.yruAqpgHIG'),
  (4,  'Diego Ferreira',     'diego.ferreira@email.com',    'Porto Alegre',   '$2b$10$2jQfRIKnVFcVqqh2eMx3tOU8pUBQsdDAsaanpgMgCs.yruAqpgHIG'),
  (5,  'Elena Costa',        'elena.costa@email.com',       'Curitiba',       '$2b$10$2jQfRIKnVFcVqqh2eMx3tOU8pUBQsdDAsaanpgMgCs.yruAqpgHIG'),
  (6,  'Felipe Santos',      'felipe.santos@email.com',     'Salvador',       '$2b$10$2jQfRIKnVFcVqqh2eMx3tOU8pUBQsdDAsaanpgMgCs.yruAqpgHIG'),
  (7,  'Gabriela Oliveira',  'gabriela.oliveira@email.com', 'Recife',         '$2b$10$2jQfRIKnVFcVqqh2eMx3tOU8pUBQsdDAsaanpgMgCs.yruAqpgHIG'),
  (8,  'Henrique Rocha',     'henrique.rocha@email.com',    'Fortaleza',      '$2b$10$2jQfRIKnVFcVqqh2eMx3tOU8pUBQsdDAsaanpgMgCs.yruAqpgHIG'),
  (9,  'Isabela Nunes',      'isabela.nunes@email.com',     'Manaus',         '$2b$10$2jQfRIKnVFcVqqh2eMx3tOU8pUBQsdDAsaanpgMgCs.yruAqpgHIG'),
  (10, 'Joao Paulo Martins', 'joao.martins@email.com',      'Brasilia',       '$2b$10$2jQfRIKnVFcVqqh2eMx3tOU8pUBQsdDAsaanpgMgCs.yruAqpgHIG'),
  (11, 'Katia Vieira',       'katia.vieira@email.com',      'Florianopolis',  '$2b$10$2jQfRIKnVFcVqqh2eMx3tOU8pUBQsdDAsaanpgMgCs.yruAqpgHIG'),
  (12, 'Lucas Martins',      'lucas.martins@email.com',     'Campinas',       '$2b$10$2jQfRIKnVFcVqqh2eMx3tOU8pUBQsdDAsaanpgMgCs.yruAqpgHIG')
ON CONFLICT (id_usuario) DO NOTHING;

SELECT setval('usuarios_id_usuario_seq', (SELECT MAX(id_usuario) FROM usuarios));

-- ESTANTE
INSERT INTO estante_usuario (id_estante, id_usuario, id_livro, disponibilidade, estado_conservacao) VALUES
  (1,  1, 1,  'para_troca', 'Otimo'),
  (2,  1, 7,  'colecao',    'Novo'),
  (3,  1, 71, 'para_troca', 'Bom'),
  (4,  1, 37, 'colecao',    'Otimo'),
  (5,  1, 45, 'para_troca', 'Regular'),
  (6,  2, 6,  'colecao',    'Novo'),
  (7,  2, 59, 'para_troca', 'Bom'),
  (8,  2, 55, 'colecao',    'Otimo'),
  (9,  2, 14, 'para_troca', 'Bom'),
  (10, 2, 50, 'colecao',    'Regular'),
  (11, 3, 2,  'para_troca', 'Otimo'),
  (12, 3, 79, 'colecao',    'Novo'),
  (13, 3, 41, 'para_troca', 'Bom'),
  (14, 3, 24, 'colecao',    'Bom'),
  (15, 3, 46, 'para_troca', 'Regular'),
  (16, 4, 19, 'colecao',    'Bom'),
  (17, 4, 8,  'para_troca', 'Otimo'),
  (18, 4, 45, 'colecao',    'Novo'),
  (19, 4, 18, 'para_troca', 'Bom'),
  (20, 4, 52, 'colecao',    'Regular'),
  (21, 5, 3,  'para_troca', 'Bom'),
  (22, 5, 68, 'colecao',    'Otimo'),
  (23, 5, 52, 'para_troca', 'Bom'),
  (24, 5, 64, 'colecao',    'Otimo'),
  (25, 5, 47, 'para_troca', 'Novo'),
  (26, 6, 13, 'colecao',    'Bom'),
  (27, 6, 39, 'para_troca', 'Otimo'),
  (28, 6, 50, 'colecao',    'Novo'),
  (29, 6, 56, 'para_troca', 'Bom'),
  (30, 6, 25, 'colecao',    'Regular'),
  (31, 7, 15, 'para_troca', 'Bom'),
  (32, 7, 35, 'colecao',    'Otimo'),
  (33, 7, 60, 'para_troca', 'Regular'),
  (34, 7, 65, 'colecao',    'Novo'),
  (35, 7, 72, 'para_troca', 'Bom'),
  (36, 8, 60, 'colecao',    'Bom'),
  (37, 8, 49, 'para_troca', 'Otimo'),
  (38, 8, 51, 'colecao',    'Novo'),
  (39, 8, 42, 'para_troca', 'Bom'),
  (40, 8, 32, 'colecao',    'Regular'),
  (41, 9, 67, 'para_troca', 'Bom'),
  (42, 9, 44, 'colecao',    'Otimo'),
  (43, 9, 22, 'para_troca', 'Bom'),
  (44, 9, 28, 'colecao',    'Novo'),
  (45, 9, 77, 'para_troca', 'Regular'),
  (46, 10, 58, 'colecao',    'Otimo'),
  (47, 10, 38, 'para_troca', 'Bom'),
  (48, 10, 61, 'colecao',    'Novo'),
  (49, 10, 57, 'para_troca', 'Bom'),
  (50, 10, 43, 'colecao',    'Regular'),
  (51, 11, 28, 'para_troca', 'Bom'),
  (52, 11, 64, 'colecao',    'Otimo'),
  (53, 11, 20, 'para_troca', 'Regular'),
  (54, 11, 66, 'colecao',    'Novo'),
  (55, 11, 9,  'para_troca', 'Bom'),
  (56, 12, 81, 'colecao',    'Bom'),
  (57, 12, 80, 'para_troca', 'Otimo'),
  (58, 12, 36, 'colecao',    'Novo'),
  (59, 12, 16, 'para_troca', 'Bom'),
  (60, 12, 48, 'colecao',    'Regular')
ON CONFLICT (id_estante) DO NOTHING;

SELECT setval('estante_usuario_id_estante_seq', (SELECT MAX(id_estante) FROM estante_usuario));
